{
  "Abilene_Chr": "Abilene Christian",
  "Academy_of_Art": "Academy Of Art",
  "Adams_St": "Adams State",
  "Adelphi": "Adelphi",
  "Adrian": "Adrian",
  "Agnes_Scott": "Agnes Scott",
  "Air_Force": "Air Force",
  "AK_Anchorage": "Alaska Anchorage",
  "AK_Fairbanks": "Alaska Fairbanks",
  "Akron": "Akron",
  "AL_Huntsville": "Alabama Huntsville",
  "Alabama": "Alabama",
  "Alabama_A&M": "Alabama A&M",
  "Alabama_St": "Alabama State",
  "Albany_GA": "Albany GA",
  "Albertus_Magnus": "Albertus Magnus",
  "Albion": "Albion",
  "Albright": "Albright",
  "Alcorn_St": "Alcorn State",
  "Alfred": "Alfred",
  "Alfred_St": "Alfred State",
  "Allegheny": "Allegheny",
  "Allen": "Allen",
  "Alma": "Alma",
  "Alvernia": "Alvernia",
  "Alverno": "Alverno",
  "American_Intl": "American International",
  "American_Univ": "American University",
  "Amherst": "Amherst",
  "Anderson_IN": "Anderson In",
  "Anderson_SC": "Anderson Sc",
  "Angelo_St": "Angelo State",
  "Anna_Maria": "Anna Maria",
  "Appalachian_St": "Appalachian State",
  "Arcadia": "Arcadia",
  "Arizona": "Arizona",
  "Arizona_St": "Arizona State",
  "Ark_Little_Rock": "Arkansas Little Rock",
  "Ark_Monticello": "Arkansas Monticello",
  "Ark_Pine_Bluff": "Arkansas Pine Bluff",
  "Arkansas": "Arkansas",
  "Arkansas_St": "Arkansas State",
  "Arkansas_Tech": "Arkansas Tech",
  "Arkansas-FS": "UA Fort Smith",
  "Army": "Army",
  "Asbury": "Asbury",
  "Ashland": "Ashland",
  "Assumption": "Assumption",
  "Auburn": "Auburn",
  "Auburn_M'gomery": "Auburn University at Montgomery",
  "Augsburg": "Augsburg",
  "Augusta": "Augusta",
  "Augustana_IL": "Augustana College",
  "Augustana_SD": "Augustana University",
  "Aurora": "Aurora",
  "Austin_Col": "Austin College",
  "Austin_Peay": "Austin Peay",
  "Averett": "Averett",
  "Azusa_Pacific": "Azusa Pacific",
  "Babson": "Babson",
  "Baldwin-Wallace": "Baldwin-Wallace",
  "Ball_St": "Ball State",
  "Bard": "Bard",
  "Barry": "Barry",
  "Barton": "Barton",
  "Baruch": "Baruch",
  "Bates": "Bates",
  "Baylor": "Baylor",
  "Belhaven_MS": "Belhaven Ms",
  "Bellarmine": "Bellarmine",
  "Belmont": "Belmont",
  "Belmont_Abbey": "Belmont Abbey",
  "Beloit": "Beloit",
  "Bemidji_St": "Bemidji State",
  "Benedict": "Benedict",
  "Benedictine_IL": "Benedictine Il",
  "Bentley": "Bentley",
  "Berea": "Berea",
  "Berry": "Berry",
  "Bethany_Luth": "Bethany Luth",
  "Bethany_WV": "Bethany Wv",
  "Bethel_MN": "Bethel Mn",
  "Bethune-Cookman": "Bethune-cookman",
  "Binghamton": "Binghamton",
  "Biola": "Biola",
  "Black_Hills_St": "Black Hills State",
  "Blackburn": "Blackburn",
  "Bloomfield": "Bloomfield",
  "Bloomsburg": "Bloomsburg",
  "Bluefield_St": "Bluefield State",
  "Bluffton": "Bluffton",
  "Bob_Jones": "Bob Jones",
  "Boise_St": "Boise State",
  "Boston_College": "Boston College",
  "Boston_Univ": "Boston Univ",
  "Bowdoin": "Bowdoin",
  "Bowie_St": "Bowie State",
  "Bowling_Green": "Bowling Green",
  "Bradley": "Bradley",
  "Brandeis": "Brandeis",
  "Brevard": "Brevard",
  "Bridgeport": "Bridgeport",
  "Bridgewater_MA": "Bridgewater Ma",
  "Bridgewater_VA": "Bridgewater Va",
  "Brockport_St": "Brockport State",
  "Brooklyn_Col": "Brooklyn College",
  "Brown": "Brown",
  "Bryant": "Bryant",
  "Bryn_Athyn": "Bryn Athyn",
  "Bryn_Mawr": "Bryn Mawr",
  "Bucknell": "Bucknell",
  "Buena_Vista": "Buena Vista",
  "Buffalo": "Buffalo",
  "Buffalo_St": "Buffalo State",
  "Butler": "Butler",
  "BYU": "BYU",
  "C_Michigan": "C Michigan",
  "C_Missouri": "C Missouri",
  "C_Oklahoma": "C Oklahoma",
  "C_Washington": "C Washington",
  "Cairn": "Cairn",
  "Cal_Baptist": "Cal Baptist",
  "Cal_Lutheran": "Cal Lutheran",
  "Cal_Poly": "Cal Poly",
  "Cal_St-LA": "Cal St-louisiana",
  "Caldwell": "Caldwell",
  "California": "California",
  "California_PA": "California Pa",
  "Caltech": "Caltech",
  "Calvin": "Calvin",
  "Cameron": "Cameron",
  "Campbell": "Campbell",
  "Canisius": "Canisius",
  "Capital": "Capital",
  "Carleton_MN": "Carleton Mn",
  "Carlow": "Carlow",
  "Carnegie_Mellon": "Carnegie Mellon",
  "Carroll_WI": "Carroll Wi",
  "Carson-Newman": "Carson-newman",
  "Carthage": "Carthage",
  "Case_Western": "Case Western",
  "Castleton": "Castleton",
  "Catawba": "Catawba",
  "Catholic": "Catholic",
  "Cedar_Crest": "Cedar Crest",
  "Cedarville": "Cedarville",
  "Cent_Arkansas": "Cent Arkansas",
  "Centenary": "Centenary",
  "Centenary_NJ": "Centenary Nj",
  "Central_Conn": "Central Conn",
  "Central_IA": "Central Ia",
  "Central_St_OH": "Central St Oh",
  "Centre": "Centre",
  "Chadron_St": "Chadron State",
  "Chaminade": "Chaminade",
  "Chapman": "Chapman",
  "Charleston_So": "Charleston Southern",
  "Charleston_WV": "Charleston",
  "Charlotte": "Charlotte",
  "Chatham": "Chatham",
  "Chattanooga": "Chattanooga",
  "Chestnut_Hill": "Chestnut Hill",
  "Chicago": "Chicago",
  "Chicago_St": "Chicago State",
  "Chowan": "Chowan",
  "Chr_Brothers": "Chr Brothers",
  "Chris_Newport": "Chris Newport",
  "Cincinnati": "Cincinnati",
  "City_Col_NY": "City Col Ny",
  "Claflin": "Claflin",
  "Claremont_M.S.": "Claremont M.s.",
  "Clarion": "Clarion",
  "Clark_Atlanta": "Clark Atlanta",
  "Clark_MA": "Clark Ma",
  "Clarkson": "Clarkson",
  "Clayton_St": "Clayton State",
  "Clemson": "Clemson",
  "Cleveland_St": "Cleveland State",
  "CO_Mesa": "Co Mesa",
  "Coast_Guard": "Coast Guard",
  "Coastal_Car": "Coastal Car",
  "Coe": "Coe",
  "Coker": "Coker",
  "Col_Charleston": "Charleston",
  "Col_Springs": "Col Springs",
  "Colby": "Colby",
  "Colby-Sawyer": "Colby-sawyer",
  "Colgate": "Colgate",
  "College_of_NJ": "College Of NJ",
  "Colorado": "Colorado",
  "Colorado_Chr": "Colorado Chr",
  "Colorado_Col": "Colorado Col",
  "Colorado_Mines": "Colorado Mines",
  "Colorado_St": "Colorado State",
  "Columbia": "Columbia",
  "Columbus_St": "Columbus State",
  "Concord": "Concord",
  "Concordia_CA": "Concordia CA",
  "Concordia_IL": "Concordia IL",
  "Concordia_Mhd": "Concordia Mhd",
  "Concordia_SP": "Concordia SP",
  "Concordia_TX": "Concordia TX",
  "Concordia_WI": "Concordia WI",
  "Connecticut": "UConn",
  "Converse": "Converse",
  "Coppin_St": "Coppin State",
  "Cornell": "Cornell",
  "Cornell_IA": "Cornell College",
  "Cortland_St": "Cortland State",
  "Covenant": "Covenant",
  "Creighton": "Creighton",
  "Crown_MN": "Crown Mn",
  "CS_Bakersfield": "Cal State Bakersfield",
  "CS_Chico": "Cal State Chico",
  "CS_Dom._Hills": "Cal State Dom. Hills",
  "CS_Fullerton": "Cal State Fullerton",
  "CS_Monterey_Bay": "Cal State Monterey Bay",
  "CS_Northridge": "Cal State Northridge",
  "CS_Poly_Pomona": "Cal State Poly Pomona",
  "CS_Sacramento": "Cal State Sacramento",
  "CS_San_Bern.": "Cal State San Bern.",
  "CS_San_Marcos": "Cal State San Marcos",
  "CS_Stanislaus": "Cal State Stanislaus",
  "CSU_East_Bay": "CSU East Bay",
  "CSU-Pueblo": "CSU -Pueblo",
  "CT_College": "CT College",
  "Curry": "Curry",
  "D'Youville": "D'Youville",
  "Daemen": "Daemen",
  "Dallas_Univ": "Dallas Univ",
  "Dartmouth": "Dartmouth",
  "Davenport": "Davenport",
  "Davidson": "Davidson",
  "Davis_&_Elkins": "Davis & Elkins",
  "Dayton": "Dayton",
  "Dean": "Dean",
  "Delaware": "Delaware",
  "Delaware_St": "Delaware State",
  "Delaware_Val": "Delaware Valley",
  "Delta_St": "Delta State",
  "Denison": "Denison",
  "Denver": "Denver",
  "DePaul": "Depaul",
  "DePauw": "Depauw",
  "DeSales": "Desales",
  "Detroit": "Detroit",
  "Dickinson": "Dickinson",
  "Dist_Columbia": "Dist Columbia",
  "Dominican_CA": "Dominican Ca",
  "Dominican_IL": "Dominican Il",
  "Dominican_NY": "Dominican Ny",
  "Drake": "Drake",
  "Drew": "Drew",
  "Drexel": "Drexel",
  "Drury": "Drury",
  "Dubuque": "Dubuque",
  "Duke": "Duke",
  "Duquesne": "Duquesne",
  "E_Connecticut": "E Connecticut",
  "E_Illinois": "E Illinois",
  "E_Kentucky": "E Kentucky",
  "E_Mennonite": "E Mennonite",
  "E_Michigan": "E Michigan",
  "E_New_Mexico": "E New Mexico",
  "E_Stroudsburg": "E Stroudsburg",
  "E_Texas_Bap": "E Texas Bap",
  "E_Washington": "E Washington",
  "Earlham": "Earlham",
  "East_Carolina": "East Carolina",
  "East_Central_OK": "East Central Ok",
  "East_Texas_A&M": "East Texas A&M",
  "Eastern_Univ": "Eastern Univ",
  "Eckerd": "Eckerd",
  "Edgewood": "Edgewood",
  "Edinboro": "Edinboro",
  "Edward_Waters": "Edward Waters",
  "Eliz._City_St": "Elizabeth City State Univerity",
  "Elizabethtown": "Elizabethtown",
  "Elmhurst": "Elmhurst",
  "Elmira": "Elmira",
  "Elms": "Elms",
  "Elon": "Elon",
  "Embry-Riddle_FL": "Embry-riddle Fl",
  "Emerson": "Emerson",
  "Emmanuel_GA": "Emmanuel Ga",
  "Emmanuel_MA": "Emmanuel Ma",
  "Emory": "Emory",
  "Emory_&_Henry": "Emory & Henry",
  "Emporia_St": "Emporia State",
  "Endicott": "Endicott",
  "Erskine": "Erskine",
  "ETSU": "ETSU",
  "Eureka": "Eureka",
  "Evansville": "Evansville",
  "F_Dickinson": "Fairleigh Dickinson",
  "Fairfield": "Fairfield",
  "Fairmont_St": "Fairmont State",
  "Farmingdale": "Farmingdale",
  "Fayetteville_St": "Fayetteville State",
  "FDU_Madison": "Fdu Madison",
  "Felician": "Felician",
  "Ferris_St": "Ferris State",
  "Ferrum": "Ferrum",
  "FGCU": "FGCU",
  "Findlay": "Findlay",
  "Fitchburg_St": "Fitchburg State",
  "FL_Atlantic": "Florida Atlantic",
  "FL_Southern": "Florida Southern",
  "Flagler": "Flagler",
  "Florida": "Florida",
  "Florida_A&M": "Florida A&M",
  "Florida_Intl": "Florida Intl",
  "Florida_St": "Florida State",
  "Florida_Tech": "Florida Tech",
  "Fontbonne": "Fontbonne",
  "Fordham": "Fordham",
  "Fort_Hays_St": "Fort Hays State",
  "Fort_Valley_St": "Fort Valley State",
  "Framingham_St": "Framingham State",
  "Francis_Marion": "Francis Marion",
  "Franciscan_OH": "Franciscan Oh",
  "Frank_&_Marsh": "Frank & Marsh",
  "Franklin": "Franklin",
  "Franklin_Pierce": "Franklin Pierce",
  "Fresno_Pacific": "Fresno Pacific",
  "Fresno_St": "Fresno State",
  "Frostburg_St": "Frostburg State",
  "Ft_Lewis": "Ft Lewis",
  "Furman": "Furman",
  "G_Washington": "G Washington",
  "Ga_Southern": "Ga Southern",
  "Gallaudet": "Gallaudet",
  "Gannon": "Gannon",
  "Gardner_Webb": "Gardner Webb",
  "Geneseo_St": "Geneseo State",
  "Geneva": "Geneva",
  "George_Fox": "George Fox",
  "George_Mason": "George Mason",
  "Georgetown": "Georgetown",
  "Georgia": "Georgia",
  "Georgia_C&S": "Georgia C&s",
  "Georgia_St": "Georgia State",
  "Georgia_SW": "Georgia Sw",
  "Georgia_Tech": "Georgia Tech",
  "Georgian_Court": "Georgian Court",
  "Gettysburg": "Gettysburg",
  "Glenville_St": "Glenville State",
  "Goldey_Beacom": "Goldey Beacom",
  "Gonzaga": "Gonzaga",
  "Gordon": "Gordon",
  "Goucher": "Goucher",
  "Grambling": "Grambling State",
  "Grand_Canyon": "Grand Canyon",
  "Grand_Valley_St": "Grand Valley State",
  "Greensboro": "UNC Greensboro",
  "Greenville": "Greenville",
  "Grinnell": "Grinnell",
  "Grove_City": "Grove City",
  "Guilford": "Guilford",
  "Gust_Adolphus": "Gust Adolphus",
  "Gwynedd-Mercy": "Gwynedd-mercy",
  "Hamilton": "Hamilton",
  "Hamline": "Hamline",
  "Hampton": "Hampton",
  "Hanover": "Hanover",
  "Hardin-Simmons": "Hardin-simmons",
  "Harding": "Harding",
  "Hartford": "Hartford",
  "Hartwick": "Hartwick",
  "Harvard": "Harvard",
  "Haverford": "Haverford",
  "Hawaii": "Hawaii",
  "Hawaii_Hilo": "Hawaii Hilo",
  "Hawaii_Pacific": "Hawaii Pacific",
  "Heidelberg": "Heidelberg",
  "Henderson_St": "Henderson State",
  "Hendrix": "Hendrix",
  "High_Point": "High Point",
  "Hilbert": "Hilbert",
  "Hillsdale": "Hillsdale",
  "Hiram": "Hiram",
  "Hobart_&_Smith": "Hobart & Smith",
  "Hofstra": "Hofstra",
  "Hollins": "Hollins",
  "Holy_Cross": "Holy Cross",
  "Holy_Family": "Holy Family",
  "Hood": "Hood",
  "Hope": "Hope",
  "Houghton": "Houghton",
  "Houston": "Houston",
  "Houston_Chr": "Houston Chr",
  "Howard": "Howard",
  "Howard_Payne": "Howard Payne",
  "Humboldt_St": "Humboldt State",
  "Hunter": "Hunter",
  "Huntingdon": "Huntingdon",
  "Husson": "Husson",
  "Idaho": "Idaho",
  "Idaho_St": "Idaho State",
  "IL_Chicago": "Il Chicago",
  "IL_Springfield": "Il Springfield",
  "IL_Tech": "Il Tech",
  "IL_Wesleyan": "Il Wesleyan",
  "Illinois": "Illinois",
  "Illinois_Col": "Illinois Col",
  "Illinois_St": "Illinois State",
  "Immaculata": "Immaculata",
  "Incarnate_Word": "Incarnate Word",
  "Indiana": "Indiana",
  "Indiana_PA": "Indiana Pa",
  "Indiana_St": "Indiana State",
  "Indianapolis": "Indianapolis",
  "Iona": "Iona",
  "Iowa": "Iowa",
  "Iowa_St": "Iowa State",
  "Ithaca": "Ithaca",
  "IUPUI": "IUPUI",
  "J&W_RI": "J&w Ri",
  "Jackson_St": "Jackson State",
  "Jacksonville": "Jacksonville",
  "Jacksonville_St": "Jacksonville State",
  "James_Madison": "James Madison",
  "JC_Smith": "JC Smith",
  "John_Carroll": "John Carroll",
  "John_Jay": "John Jay",
  "Johns_Hopkins": "Johns Hopkins",
  "Juniata": "Juniata",
  "Kalamazoo": "Kalamazoo",
  "Kansas": "Kansas",
  "Kansas_St": "Kansas State",
  "Kean": "Kean",
  "Keene_St": "Keene State",
  "Kennesaw": "Kennesaw State",
  "Kent": "Kent State",
  "Kentucky": "Kentucky",
  "Kentucky_St": "Kentucky State",
  "Kenyon": "Kenyon",
  "Keuka": "Keuka",
  "Keystone": "Keystone",
  "King": "King",
  "King's_PA": "King's Pa",
  "Knox": "Knox",
  "Kutztown": "Kutztown",
  "KY_Wesleyan": "Ky Wesleyan",
  "La_Roche": "La Roche",
  "La_Salle": "La Salle",
  "La_Verne": "La Verne",
  "Lafayette": "Lafayette",
  "LaGrange": "Lagrange",
  "Lake_Erie": "Lake Erie",
  "Lake_Forest": "Lake Forest",
  "Lake_Superior": "Lake Superior",
  "Lakeland": "Lakeland",
  "Lamar": "Lamar",
  "Lancaster_Bib": "Lancaster Bib",
  "Lander": "Lander",
  "Lane": "Lane",
  "Lasell": "Lasell",
  "Lawrence": "Lawrence",
  "Le_Moyne": "Le Moyne",
  "Le_Tourneau": "Le Tourneau",
  "Lebanon_Val": "Lebanon Val",
  "Lee_TN": "Lee Tn",
  "Lees-McRae": "Lees-mcrae",
  "Lehigh": "Lehigh",
  "Lehman": "Lehman",
  "LeMoyne-Owen": "Lemoyne-owen",
  "Lenoir-Rhyne": "Lenoir-rhyne",
  "Lesley": "Lesley",
  "Lewis": "Lewis",
  "Lewis_&_Clark": "Lewis & Clark",
  "Liberty": "Liberty",
  "Limestone": "Limestone",
  "Lincoln_Mem": "Lincoln Mem",
  "Lincoln_MO": "Lincoln Mo",
  "Lincoln_PA": "Lincoln Pa",
  "Lindenwood": "Lindenwood",
  "Linfield": "Linfield",
  "Lipscomb": "Lipscomb",
  "LIU_Brooklyn": "LIU Brooklyn",
  "Livingstone": "Livingstone",
  "Lock_Haven": "Lock Haven",
  "Long_Beach_St": "Long Beach State",
  "Longwood": "Longwood",
  "Loras": "Loras",
  "Louisiana": "Louisiana",
  "Louisiana_Tech": "Louisiana Tech",
  "Louisville": "Louisville",
  "Loy_Marymount": "Loyola Marymount",
  "Loyola_MD": "Loyola Maryland",
  "Loyola-Chicago": "Loyola Chicago",
  "LSU": "LSU",
  "Lubbock_Chr": "Lubbock Chr",
  "Luther_IA": "Luther IA",
  "Lycoming": "Lycoming",
  "Lynchburg": "Lynchburg",
  "Lynn": "Lynn",
  "Lyon": "Lyon",
  "M_Hardin-Baylor": "M Hardin-Baylor",
  "MA_Boston": "Ma Boston",
  "MA_Col_Lib_Arts": "MA College of Liberal Arts",
  "MA_Dartmouth": "MA Dartmouth",
  "MA_Lowell": "MA Lowell",
  "Macalester": "Macalester",
  "Maine": "Maine",
  "Malone": "Malone",
  "Manchester": "Manchester",
  "Manhattan": "Manhattan",
  "Manhattanville": "Manhattanville",
  "Mansfield": "Mansfield",
  "Maranatha_Bap": "Maranatha Bap",
  "Marian_WI": "Marian Wi",
  "Marietta": "Marietta",
  "Marist": "Marist",
  "Marquette": "Marquette",
  "Mars_Hill": "Mars Hill",
  "Marshall": "Marshall",
  "Martin_Luther": "Martin Luther",
  "Mary_ND": "Mary Nd",
  "Mary_Washington": "Mary Washington",
  "Maryland": "Maryland",
  "Marymount_VA": "Marymount Va",
  "Maryville_MO": "Maryville Mo",
  "Maryville_TN": "Maryville Tn",
  "Marywood": "Marywood",
  "Massachusetts": "Massachusetts",
  "McDaniel": "Mcdaniel",
  "McKendree": "Mckendree",
  "McMurry": "Mcmurry",
  "McNeese_St": "McNeese",
  "MD_E_Shore": "Maryland East Shore",
  "ME_Farmington": "Maine Farmington",
  "ME_Maritime": "Maine Maritime",
  "ME_Presque_Isle": "Maine Presque Isle",
  "Medgar_Evers": "Medgar Evers",
  "Memphis": "Memphis",
  "Menlo": "Menlo",
  "Mercer": "Mercer",
  "Merchant_Marine": "Merchant Marine",
  "Mercy": "Mercy",
  "Mercyhurst": "Mercyhurst",
  "Meredith": "Meredith",
  "Merrimack": "Merrimack",
  "Messiah": "Messiah",
  "Methodist": "Methodist",
  "Metro_St": "Metro State",
  "Miami_FL": "Miami (FL)",
  "Miami_OH": "Miami (OH)",
  "Michigan": "Michigan",
  "Michigan_St": "Michigan State",
  "Michigan_Tech": "Michigan Tech",
  "Middlebury": "Middlebury",
  "Midwest_TX_St": "Midwest Texas State",
  "Miles": "Miles",
  "Millersville": "Millersville",
  "Millikin": "Millikin",
  "Millsaps": "Millsaps",
  "Milwaukee_Eng": "Milwaukee Eng",
  "Minnesota": "Minnesota",
  "Minot_St": "Minot State",
  "Misericordia": "Misericordia",
  "Mississippi": "Mississippi",
  "Mississippi_Col": "Mississippi College",
  "Mississippi_St": "Mississippi State",
  "Missouri": "Missouri",
  "Missouri_KC": "Missouri KC",
  "Missouri_S&T": "Missouri S&T",
  "Missouri_St": "Missouri State",
  "MIT": "MIT",
  "Mitchell": "Mitchell",
  "MN_Crookston": "MN Crookston",
  "MN_Duluth": "MN Duluth",
  "MN_Mankato": "MN Mankato",
  "MN_Morris": "MN Morris",
  "MO_Southern": "MO Southern",
  "MO_St_Louis": "MO St Louis",
  "MO_Western": "MO Western",
  "Molloy": "Molloy",
  "Monmouth_IL": "Monmouth IL",
  "Monmouth_NJ": "Monmouth NJ",
  "Montana": "Montana",
  "Montana_St": "Montana State",
  "Montclair_St": "Montclair State",
  "Montevallo": "Montevallo",
  "Moorhead_St": "Moorhead State",
  "Moravian": "Moravian",
  "Morehead_St": "Morehead State",
  "Morgan_St": "Morgan State",
  "Morrisville_St": "Morrisville State",
  "MS_Valley_St": "Mississippi Valley State",
  "MS_Women": "Mississippi Women",
  "Mt_Aloysius": "Mt Aloysius",
  "Mt_Holyoke": "Mt Holyoke",
  "Mt_Mary": "Mt Mary",
  "Mt_Olive": "Mt Olive",
  "Mt_St_Joseph": "Mt St Joseph",
  "Mt_St_Mary_NY": "Mt St Mary Ny",
  "Mt_St_Mary's": "Mt St Mary's",
  "Mt_St_Vincent": "Mt St Vincent",
  "MT_St-Billings": "Montana St Billings",
  "Mt_Union": "Mt Union",
  "MTSU": "MTSU",
  "Muhlenberg": "Muhlenberg",
  "Murray_St": "Murray State",
  "Muskingum": "Muskingum",
  "N_Central_IL": "N Central Il",
  "N_Central_MN": "N Central Mn",
  "N_Colorado": "N Colorado",
  "N_Dakota_St": "North Dakota State",
  "N_England_Col": "N England Col",
  "N_Illinois": "Northern Illinois",
  "N_Kentucky": "Northern Kentucky",
  "N_Michigan": "Northern Michigan",
  "Navy": "Navy",
  "Nazareth": "Nazareth",
  "NC_A&T": "NC A&T",
  "NC_Central": "NC Central",
  "NC_Pembroke": "NC Pembroke",
  "NC_State": "North Carolina State",
  "NC_Wesleyan": "NC Wesleyan",
  "NE_Kearney": "NE Kearney",
  "NE_Oklahoma": "NE Oklahoma",
  "NE_Omaha": "Omaha",
  "NE_Wesleyan": "NE Wesleyan",
  "Nebraska": "Nebraska",
  "Neumann": "Neumann",
  "Nevada": "Nevada",
  "New_Hampshire": "New Hampshire",
  "New_Haven": "New Haven",
  "New_Mexico": "New Mexico",
  "New_Mexico_St": "New Mexico State",
  "New_Orleans": "New Orleans",
  "Newberry": "Newberry",
  "Newman": "Newman",
  "Niagara": "Niagara",
  "Nicholls_St": "Nicholls State",
  "Nichols": "Nichols",
  "NJ_City": "NJ City",
  "NJIT": "NJIT",
  "NM_Highlands": "NM Highlands",
  "Norfolk_St": "Norfolk State",
  "North_Alabama": "North Alabama",
  "North_Carolina": "North Carolina",
  "North_Dakota": "North Dakota",
  "North_Florida": "North Florida",
  "North_Georgia": "North Georgia",
  "North_Greenville": "North Greenville",
  "North_Park": "North Park",
  "North_Texas": "North Texas",
  "Northeastern": "Northeastern",
  "Northern_Arizona": "Northern Arizona",
  "Northern_Iowa": "Northern Iowa",
  "Northern_St_SD": "Northern St SD",
  "Northland": "Northland",
  "Northwestern": "Northwestern",
  "Northwestern_LA": "Northwestern LA",
  "Northwestern_MN": "Northwestern MN",
  "Northwood_MI": "Northwood MI",
  "Norwich": "Norwich",
  "Notre_Dame": "Notre Dame",
  "Notre_Dame_MD": "Notre Dame MD",
  "Notre_Dame_OH": "Notre Dame OH",
  "Nova_SE": "Nova SE",
  "NVU-Johnson": "NVU - Johnson",
  "NVU-Lyndon": "NVU - Lyndon",
  "NW_Missouri": "NW Missouri",
  "NW_Nazarene": "NW Nazarene",
  "NW_Oklahoma_St": "NW Oklahoma State",
  "NYU": "NYU",
  "Oakland": "Oakland",
  "Oberlin": "Oberlin",
  "Occidental": "Occidental",
  "Oglethorpe": "Oglethorpe",
  "OH_Dominican": "OH Dominican",
  "Ohio": "Ohio",
  "Ohio_Northern": "Ohio Northern",
  "Ohio_St": "Ohio State",
  "Ohio_Wesleyan": "Ohio Wesleyan",
  "OK_Baptist": "OK Baptist",
  "Oklahoma": "Oklahoma",
  "Oklahoma_Chr": "Oklahoma Christian",
  "Oklahoma_St": "Oklahoma State",
  "Old_Dominion": "Old Dominion",
  "Old_Westbury": "Old Westbury",
  "Olivet_MI": "Olivet MI",
  "Oral_Roberts": "Oral Roberts",
  "Oregon": "Oregon",
  "Oregon_St": "Oregon State",
  "Oswego_St": "Oswego State",
  "Otterbein": "Otterbein",
  "Ouachita": "Ouachita",
  "Pac_Lutheran": "Pacific Lutheran",
  "Pace": "Pace",
  "Pacific": "Pacific",
  "Pacific_OR": "Pacific Oregon",
  "Paine": "Paine",
  "Palm_Beach_Atl": "Palm Beach Atlantic",
  "Peace": "Peace",
  "Penn": "Penn",
  "Penn_Col_Tech": "Penn COT",
  "Penn_St": "Penn State",
  "Pepperdine": "Pepperdine",
  "Permian_Basin": "Permian Basin",
  "Pfeiffer": "Pfeiffer",
  "PFW": "PFW",
  "Piedmont": "Piedmont",
  "Pitt-Bradford": "Pitt - Bradford",
  "Pitt-Greensburg": "Pitt - Greensburg",
  "Pitt-Johnstown": "Pitt - Johnstown",
  "Pittsburg_St": "Pittsburg State",
  "Pittsburgh": "Pittsburgh",
  "Plattsburgh_St": "Plattsburgh State",
  "Plymouth_St": "Plymouth State",
  "Point_Loma": "Point Loma",
  "Point_Park": "Point Park",
  "Pomona-Pitzer": "Pomona - Pitzer",
  "Portland": "Portland",
  "Portland_St": "Portland State",
  "Post": "Post",
  "PR_Bayamon": "PR Bayamon",
  "PR_Mayaguez": "PR Mayaguez",
  "Prairie_View": "Prairie View",
  "Pratt_Inst": "Pratt Institute",
  "Presbyterian": "Presbyterian",
  "Princeton": "Princeton",
  "Principia": "Principia",
  "Providence": "Providence",
  "PSU-Abington": "PSU - Abington",
  "PSU-Altoona": "PSU - Altoona",
  "PSU-Behrend": "PSU - Behrend",
  "PSU-Berks": "PSU - Berks",
  "PSU-Brandywine": "PSU - Brandywine",
  "PSU-Harrisburg": "PSU - Harrisburg",
  "Puget_Sound": "Puget Sound",
  "Purchase": "Purchase",
  "Purdue": "Purdue",
  "Purdue_Northwest": "Purdue Northwest",
  "Queens_NC": "Queens NC",
  "Queens_NY": "Queens NY",
  "Quincy": "Quincy",
  "Quinnipiac": "Quinnipiac",
  "R_Stockton": "Richard Stockton",
  "Radford": "Radford",
  "Ramapo": "Ramapo",
  "Randolph_Col": "Randolph College",
  "Randolph-Macon": "Randolph - Macon",
  "Redlands": "Redlands",
  "Regis_CO": "Regis CO",
  "Regis_MA": "Regis MA",
  "Rensselaer": "Rensselaer",
  "Rhode_Island": "Rhode Island",
  "Rhodes": "Rhodes",
  "RI_College": "RI College",
  "Rice": "Rice",
  "Richmond": "Richmond",
  "Rider": "Rider",
  "Ripon": "Ripon",
  "Rivier": "Rivier",
  "Roanoke": "Roanoke",
  "Robert_Morris": "Robert Morris",
  "Roberts_Wslyn": "Roberts Wesleyan",
  "Rochester_NY": "Rochester NY",
  "Rochester_Tech": "Rochester Tech",
  "Rockford": "Rockford",
  "Rockhurst": "Rockhurst",
  "Roger_Williams": "Roger Williams",
  "Rogers_St": "Rogers State",
  "Rollins": "Rollins",
  "Roosevelt": "Roosevelt",
  "Rose-Hulman": "Rose - Hulman",
  "Rosemont": "Rosemont",
  "Rowan": "Rowan",
  "Russell_Sage": "Russell Sage",
  "Rutgers": "Rutgers",
  "Rutgers-Camden": "Rutgers - Camden",
  "Rutgers-Newark": "Rutgers - Newark",
  "S_Arkansas": "S Arkansas",
  "S_Carolina_St": "South Carolina State",
  "S_Connecticut": "South Connecticut",
  "S_Dakota_St": "South Dakota State",
  "S_Dakota_Tech": "South Dakota Tech",
  "S_Francisco_St": "San Francisco State",
  "S_Illinois": "Soutern Illinois",
  "S_Maine": "Southern Maine",
  "S_New_Hampshire": "Southern New Hampshire",
  "S_Virginia": "Southern Virginia",
  "S_Wesleyan": "Southern Wesleyan",
  "Sacred_Heart": "Sacred Heart",
  "Saginaw_Val": "Saginaw Valley",
  "Salem_MA": "Salem MA",
  "Salem_NC": "Salem NC",
  "Salem_WV": "Salem WV",
  "Salisbury": "Salisbury",
  "Salve_Regina": "Salve Regina",
  "Sam_Houston_St": "Sam Houston State",
  "Samford": "Samford",
  "San_Diego": "San Diego",
  "San_Diego_St": "San Diego State",
  "San_Francisco": "San Francisco",
  "San_Jose_St": "San Jose State",
  "Santa_Clara": "Santa Clara",
  "Sarah_Lawrence": "Sarah Lawrence",
  "Savannah_St": "Savannah State",
  "SC_Aiken": "SC Aiken",
  "SC_Beaufort": "SC Beaufort",
  "SC_Upstate": "SC Upstate",
  "Schreiner": "Schreiner",
  "Scranton": "Scranton",
  "SE_Louisiana": "SE Louisiana",
  "SE_Missouri_St": "Southeast Missouri State",
  "SE_Oklahoma": "SE Oklahoma",
  "Seattle": "Seattle",
  "Seattle_Pacific": "Seattle Pacific",
  "Seton_Hall": "Seton Hall",
  "Seton_Hill": "Seton Hill",
  "Sewanee": "Sewanee",
  "SF_Austin": "S.F. Austin",
  "Shaw_NC": "Shaw NC",
  "Shenandoah": "Shenandoah",
  "Shepherd": "Shepherd",
  "Shippensburg": "Shippensburg",
  "Shorter": "Shorter",
  "Siena": "Siena",
  "Simon_Fraser": "Simon Fraser",
  "Simpson_IA": "Simpson IA",
  "Sioux_Falls": "Sioux Falls",
  "SIUE": "SIUE",
  "Skidmore": "Skidmore",
  "Slippery_Rock": "Slippery Rock",
  "Smith": "Smith",
  "SMU": "SMU",
  "Sonoma_St": "Sonoma State",
  "South_Alabama": "South Alabama",
  "South_Carolina": "South Carolina",
  "South_Dakota": "South Dakota",
  "South_Florida": "South Florida",
  "Southern_Indiana": "Southern Indiana",
  "Southern_Miss": "Southern Miss",
  "Southern_Nazarene": "Southern Nazarene",
  "Southern_Univ": "Southern",
  "Southern_Utah": "Southern Utah",
  "Spalding": "Spalding",
  "Spring_Hill": "Spring Hill",
  "Springfield": "Springfield",
  "St_Anselm": "St. Anselm",
  "St_Benedict": "St. Benedict",
  "St_Bonaventure": "St. Bonaventure",
  "St_Catherine": "St. Catherine",
  "St_Cloud": "St. Cloud",
  "St_Edward's": "St. Edward's",
  "St_Elizabeth": "St. Elizabeth",
  "St_Francis_PA": "Saint Francis",
  "St_John_Fisher": "St. John Fisher",
  "St_John's": "St. John's",
  "St_Joseph_CT": "St. Joseph Ct",
  "St_Joseph's_LI": "St. Joseph's Li",
  "St_Joseph's_ME": "St. Joseph's Me",
  "St_Joseph's_NY": "St. Joseph's Ny",
  "St_Joseph's_PA": "St. Joseph's Pa",
  "St_Lawrence": "St. Lawrence",
  "St_Leo": "St. Leo",
  "St_Louis": "St. Louis",
  "St_Martin's": "St. Martin's",
  "St_Mary's_CA": "Saint Mary's",
  "St_Mary's_IN": "St. Mary's IN",
  "St_Mary's_MD": "St. Mary's MD",
  "St_Mary's_MN": "St. Mary's MN",
  "St_Mary's_TX": "St. Mary's TX",
  "St_Michael's": "St. Michael's",
  "St_Norbert": "St. Norbert",
  "St_Olaf": "St. Olaf",
  "St_Peter's": "Saint Peter's",
  "St_Scholastica": "St. Scholastica",
  "St_Thomas_MN": "St. Thomas Mn",
  "St_Thomas_TX": "St. Thomas Tx",
  "St_Vincent": "St. Vincent",
  "Stanford": "Stanford",
  "Staten_Island": "Staten Island",
  "Stetson": "Stetson",
  "Stevens": "Stevens",
  "Stevenson": "Stevenson",
  "Stonehill": "Stonehill",
  "Stony_Brook": "Stony Brook",
  "Suffolk": "Suffolk",
  "Sul_Ross": "Sul Ross",
  "Summit": "Summit",
  "SUNY_Albany": "SUNY Albany",
  "SUNY_Canton": "SUNY Canton",
  "SUNY_Cobleskill": "SUNY Cobleskill",
  "SUNY_Delhi": "SUNY Delhi",
  "SUNY_Fredonia": "SUNY Fredonia",
  "SUNY_New_Paltz": "SUNY New Paltz",
  "SUNY_Oneonta": "SUNY Oneonta",
  "SUNY_Poly": "SUNY Poly",
  "SUNY_Potsdam": "SUNY Potsdam",
  "Susquehanna": "Susquehanna",
  "SW_Baptist": "SW Baptist",
  "SW_Minnesota": "SW Minnesota",
  "SW_Oklahoma": "SW Oklahoma",
  "SW_Univ_TX": "SW Univ Tx",
  "Swarthmore": "Swarthmore",
  "Syracuse": "Syracuse",
  "T_Jefferson": "Thomas Jefferson",
  "TAM_C._Christi": "Texas A&M – Corpus Christi",
  "Tampa": "Tampa",
  "Tarleton_St": "Tarleton State",
  "TCU": "TCU",
  "Temple": "Temple",
  "Tennessee": "Tennessee",
  "Tennessee_St": "Tennessee State",
  "Tennessee_Tech": "Tennessee Tech",
  "Texas": "Texas",
  "Texas_A&M": "Texas A&M",
  "Texas_A&M_Intl": "Texas A&M Intl",
  "Texas_St": "Texas State",
  "Texas_Tech": "Texas Tech",
  "Texas_Woman's": "Texas Woman's",
  "Thiel": "Thiel",
  "Thomas_Aquinas": "Thomas Aquinas",
  "Thomas_ME": "Thomas ME",
  "Thomas_More": "Thomas More",
  "Tiffin": "Tiffin",
  "TN_Martin": "TN Martin",
  "Toledo": "Toledo",
  "Towson": "Towson",
  "Transylvania": "Transylvania",
  "Trevecca_Naz": "Trevecca Nazarene",
  "Trine": "Trine",
  "Trinity_CT": "Trinity CT",
  "Trinity_DC": "Trinity DC",
  "Trinity_TX": "Trinity TX",
  "Troy": "Troy",
  "Truman_St": "Truman State",
  "Tufts": "Tufts",
  "Tulane": "Tulane",
  "Tulsa": "Tulsa",
  "Tusculum": "Tusculum",
  "Tuskegee": "Tuskegee",
  "TX_A&M_K'ville": "Texas A&M Kingsville",
  "TX_Lutheran": "Texas Lutheran",
  "TX_Southern": "Texas Southern",
  "U_New_England": "U New England",
  "UAB": "UAB",
  "UC_Davis": "UC Davis",
  "UC_Irvine": "UC Irvine",
  "UC_Merced": "UC Merced",
  "UC_Riverside": "UC Riverside",
  "UC_San_Diego": "UC San Diego",
  "UC_Santa_Barbara": "UC Santa Barbara",
  "UC_Santa_Cruz": "UC Santa Cruz",
  "UCF": "UCF",
  "UCLA": "UCLA",
  "ULM": "ULM",
  "UMBC": "UMBC",
  "UNC_Asheville": "UNC Asheville",
  "UNC_Greensboro": "UNC Greensboro",
  "UNC_Wilmington": "UNC Wilmington",
  "Union_NY": "Union NY",
  "Union_TN": "Union TN",
  "Univ_Ozarks": "University of the Ozarks",
  "UNLV": "UNLV",
  "Upper_Iowa": "Upper Iowa",
  "Ursinus": "Ursinus",
  "Ursuline": "Ursuline",
  "USC": "USC",
  "UT_Arlington": "UT Arlington",
  "UT_Dallas": "UT Dallas",
  "UT_San_Antonio": "UT San Antonio",
  "UT_Tyler": "UT Tyler",
  "Utah": "Utah",
  "Utah_St": "Utah State",
  "Utah_Tech": "Utah Tech",
  "Utah_Valley": "Utah Valley",
  "UTEP": "UTEP",
  "Utica": "Utica",
  "UTRGV": "UTRGV",
  "UVA-Wise": "UVA - Wise",
  "VA_Wesleyan": "Virginia Wesleyan",
  "Valdosta_St": "Valdosta State",
  "Valley_Forge": "Valley Forge",
  "Valparaiso": "Valparaiso",
  "Vanderbilt": "Vanderbilt",
  "Vanguard": "Vanguard",
  "Vassar": "Vassar",
  "VCU": "VCU",
  "Vermont": "Vermont",
  "Villanova": "Villanova",
  "Virginia": "Virginia",
  "Virginia_St": "Virginia State",
  "Virginia_Tech": "Virginia Tech",
  "Virginia_Union": "Virginia Union",
  "VMI": "VMI",
  "W_Carolina": "W Carolina",
  "W_Connecticut": "W Connecticut",
  "W_Illinois": "W Illinois",
  "W_Michigan": "W Michigan",
  "W_New_England": "W New England",
  "W_New_Mexico": "W New Mexico",
  "W_Oregon": "W Oregon",
  "W_Salem_St": "W Salem State",
  "W_Texas_A&M": "W Texas A&M",
  "W_Washington": "W Washington",
  "Wagner": "Wagner",
  "Wake_Forest": "Wake Forest",
  "Walsh": "Walsh",
  "Warren_Wilson": "Warren Wilson",
  "Wartburg": "Wartburg",
  "Wash_&_Jeff": "Wash & Jeff",
  "Washburn": "Washburn",
  "Washington": "Washington",
  "Washington_&_Lee": "Washington & Lee",
  "Washington_MD": "Washington Md",
  "Washington_St": "Washington State",
  "Washington_StL": "Washington Stl",
  "Wayne_St_MI": "Wayne St MI",
  "Wayne_St_NE": "Wayne St NE",
  "Waynesburg": "Waynesburg",
  "Weber_St": "Weber State",
  "Webster": "Webster",
  "Wellesley": "Wellesley",
  "Wentworth_Tech": "Wentworth Tech",
  "Wesleyan_CT": "Wesleyan CT",
  "Wesleyan_GA": "Wesleyan GA",
  "West_Alabama": "West Alabama",
  "West_Chester": "West Chester",
  "West_Florida": "West Florida",
  "West_Georgia": "West Georgia",
  "West_Liberty": "West Liberty",
  "West_Virginia": "West Virginia",
  "Western_St_CO": "Western St CO",
  "Westfield_St": "Westfield State",
  "Westminster_MO": "Westminster MO",
  "Westminster_PA": "Westminster PA",
  "Westminster_UT": "Westminster UT",
  "Westmont": "Westmont",
  "Wheaton_IL": "Wheaton IL",
  "Wheaton_MA": "Wheaton MA",
  "Wheeling": "Wheeling",
  "Whitman": "Whitman",
  "Whittier": "Whittier",
  "Whitworth": "Whitworth",
  "WI_Eau_Claire": "WI Eau Claire",
  "WI_Green_Bay": "Green Bay",
  "WI_LaCrosse": "WI Lacrosse",
  "WI_Lutheran": "WI Lutheran",
  "WI_Milwaukee": "WI Milwaukee",
  "WI_Oshkosh": "WI Oshkosh",
  "WI_Parkside": "WI Parkside",
  "WI_Platteville": "WI Platteville",
  "WI_River_Falls": "WI River Falls",
  "WI_Stevens_Pt": "WI Stevens Point",
  "WI_Stout": "WI Stout",
  "WI_Superior": "WI Superior",
  "WI_Whitewater": "WI Whitewater",
  "Wichita_St": "Wichita State",
  "Widener": "Widener",
  "Wilkes": "Wilkes",
  "Willamette": "Willamette",
  "William_&_Mary": "William & Mary",
  "Williams": "Williams",
  "Wilmington_DE": "Wilmington DE",
  "Wilmington_OH": "Wilmington OH",
  "Wilson": "Wilson",
  "Wingate": "Wingate",
  "Winona_St": "Winona State",
  "Winthrop": "Winthrop",
  "Wisconsin": "Wisconsin",
  "Wittenberg": "Wittenberg",
  "WKU": "Western Kentucky",
  "Wm_Jessup": "William Jessup",
  "Wm_Jewell": "William Jewell",
  "Wm_Paterson": "William Paterson",
  "Wofford": "Wofford",
  "Wooster": "Wooster",
  "Worcester_St": "Worcester State",
  "Worcester_Tech": "Worcester Tech",
  "Wright_St": "Wright State",
  "WV_State": "WV State",
  "WV_Wesleyan": "WV Wesleyan",
  "Wyoming": "Wyoming",
  "Xavier": "Xavier",
  "Yale": "Yale",
  "Yeshiva": "Yeshiva",
  "York_NY": "York NY",
  "York_PA": "York PA",
  "Young_Harris": "Young Harris",
  "Youngstown_St": "Youngstown State"
}